<?xml version="1.0" encoding="UTF-8"?>
<beans xmlns="http://www.springframework.org/schema/beans"
	xmlns:xsi="http://www.w3.org/2001/XMLSchema-instance"
	xmlns:security="http://www.springframework.org/schema/security"
	xsi:schemaLocation="http://www.springframework.org/schema/security http://www.springframework.org/schema/security/spring-security.xsd
		http://www.springframework.org/schema/beans http://www.springframework.org/schema/beans/spring-beans.xsd">

	<bean id="bcryptPasswordEncoder" class="org.springframework.security.crypto.bcrypt.BCryptPasswordEncoder" />

	<bean id="customUserDetailsService" class="org.zerock.security.CustomUserDetailsService"></bean>

	<bean id="nullRequestCache" class="org.springframework.security.web.savedrequest.NullRequestCache" />

	<security:http>
		
		<security:request-cache ref="nullRequestCache" />

		<security:intercept-url pattern="/" access="permitAll" />
		<security:intercept-url pattern="/member/join" access="permitAll" />
		<security:intercept-url pattern="/customLogin" access="permitAll" />
		<security:intercept-url pattern="/resources/**" access="permitAll" />

		<security:form-login 
			login-page="/customLogin" 
			login-processing-url="/login"
			username-parameter="username"
			password-parameter="password"
			default-target-url="/"
			always-use-default-target="true" 
		/>
			
		<security:logout logout-url="/customLogout" invalidate-session="true" delete-cookies="remember-me,JSESSION_ID" />

	</security:http>

	<security:authentication-manager>
		<security:authentication-provider user-service-ref="customUserDetailsService">
			<security:password-encoder ref="bcryptPasswordEncoder" />
		</security:authentication-provider>
	</security:authentication-manager>

</beans>